INSERT INTO Pais(IdPais,NombrePais)
VALUES (1,'Costa Rica');

INSERT INTO Provincia(IdProvincia,Nombre,IdPais)
VALUES (1,'Cartago',1),
(2,'San Jose',1),
(3,'Puntarenas',1),
(4,'Guanacaste',1),
(5,'Limon',1),
(6,'Alajuela',1),
(7,'Heredia',1);

INSERT INTO Canton(IdCanton,Nombre,IdProvincia)
VALUES (1,'Cartago',1),
(2,'Paraiso',1),
(3,'La Union',1),
(4,'Jimenez',1),
(5,'Turrialba',1),
(6,'Alvarado',1),
(7,'Oreamuno',1),
(8,'El Guarco',1),
(9,'San Jose',2),
(10,'Escazu',2),
(11,'Desamparados',2),
(12,'Puriscal',2),
(13,'Tarrazu',2),
(14,'Aserri',2),
(15,'Mora',2),
(16,'Goicoechea',2),
(17,'Santa Ana',2),
(18,'Alajuelita',2),
(19,'Vasquez de Coronado',2),
(20,'Acosta',2),
(21,'Tibas',2),
(22,'Moravia',2),
(23,'Montes de Oca',2),
(24,'Turrubares',2),
(25,'Dota',2),
(26,'Curridabat',2),
(27,'Perez Zeledon',2),
(28,'Leon Cortes',2),
(29,'Puntarenas',3),
(30,'Esparza',3),
(31,'Buenos Aires',3),
(32,'Montes de Oro',3),
(33,'Osa',3),
(34,'Quepos',3),
(35,'Golfito',3),
(36,'Coto Brus',3),
(37,'Parrita',3),
(38,'Corredores',3),
(39,'Garabito',3),
(40,'Liberia',4),
(41,'Abangares',4),
(42,'Bagaces',4),
(43,'Canias',4),
(44,'Carrillo',4),
(45,'Hojancha',4),
(46,'La Cruz',4),
(47,'Nandayure',4),
(48,'Nicoya',4),
(49,'Santa Cruz',4),
(50,'Tilaran',4),
(51,'Limon',5),
(52,'Guacimo',5),
(53,'Matina',5),
(54,'Pococi',5),
(55,'Siquirres',5),
(56,'Talamanca',5),
(57,'Alajuela',6),
(58,'San Ramon',6),
(59,'Grecia',6),
(60,'San Mateo',6),
(61,'Atenas',6),
(62,'Naranjo',6),
(63,'Palmares',6),
(64,'Poas',6),
(65,'Orotina',6),
(66,'San Carlos',6),
(67,'Zarcero',6),
(68,'Sarchi',6),
(69,'Upala',6),
(70,'Los Chiles',6),
(71,'Guatuso',6),
(72,'Rio Cuarto',6),
(73,'Heredia',7),
(74,'Barva',7),
(75,'Santo Domingo',7),
(76,'Santa Barbara',7),
(77,'San Rafael',7),
(78,'San Isidro',7),
(79,'Belen',7),
(80,'Flores',7),
(81,'San Pablo',7),
(82,'Sarapiqui',7);

INSERT INTO Producto (CodigoProducto, Nombre, Descripcion, CategoriaActivo, Precio)
VALUES ('DR-7', 'Adidas', 'Camisa casual para hombre', 'Camisa', 7000),
       ('JY-2', 'Nike', 'Pantalon de playa para hombre', 'Pantalon', 12000),
       ('FR-8', 'Lacoste', 'Blusa polo para mujer', 'Blusa', 15000),
       ('LP-2', 'Shut', 'Tenis casuales para mujer', 'Tenis', 5000),
       ('QW-3', 'Totto', 'Bulto unisex', 'Bulto', 18000),
       ('SQ-6', 'Vans', 'Tenis para skater', 'Tenis', 7000),
       ('QC-8', 'Quicksilver', 'Sandalias de playa para hombre', 'Sandalias', 13000),
       ('HT-9', 'Crocs', 'Chancletas de hule unisex', 'Chancletas', 16000),
       ('KU-5', 'Element', 'Tabla de patineta', 'Skateboard', 15000),
       ('PO-2', 'Plan B', 'Tabla de patineta', 'Skateboard', 18000),
       ('TH-5', 'Toy machine', 'Tabla de patineta', 'Skateboard', 23000),
       ('RT-6', 'Cliche', 'Tabla de patineta', 'Skateboard', 24500),
       ('JA-1', 'Almost', 'Tabla de patineta', 'Skateboard', 31000),
       ('NB-2', 'Primitive', 'Tabla de patineta', 'Skateboard', 35000),
       ('XZ-9', 'Darkstar', 'Tabla de patineta', 'Skateboard', 37000),
       ('ZX-3', 'Alien wokshop', 'Tabla de patineta', 'Skateboard', 26750),
       ('FV-7', 'Blind', 'Tabla de patineta', 'Skateboard', 49500),
       ('LV-4', 'VENOM', 'Trucks de aluminio ultra ligero', 'Trucks para Skate', 17500),
       ('OW-5', 'Spitfire', 'Incluye las cuatro ruedas necesarias', 'Ruedas para Skate', 29500),
       ('BQ-4', 'Jigsaw', 'Máximo agarre para realizar cualquier truco sin desgastar tus zapatillas',
        'Lija Skate', 12000);
        